ARS10_assembly.fasta	senterica_achtman_2	10	aroC(5)	dnaN(2)	hemD(3)	hisD(6)	purE(5)	sucA(5)	thrA(10)
ARS10_novel-alleles.fasta	senterica_achtman_2	-	aroC(-)	dnaN(-)	hemD(3)	hisD(-)	purE(-)	sucA(-)	thrA(-)
ARS11_assembly.fasta	senterica_achtman_2	10	aroC(5)	dnaN(2)	hemD(3)	hisD(6)	purE(5)	sucA(5)	thrA(10)
ARS11_novel-alleles.fasta	senterica_achtman_2	-	aroC(-)	dnaN(-)	hemD(3)	hisD(-)	purE(-)	sucA(-)	thrA(-)
ARS12_assembly.fasta	senterica_achtman_2	10	aroC(5)	dnaN(2)	hemD(3)	hisD(6)	purE(5)	sucA(5)	thrA(10)
ARS12_novel-alleles.fasta	senterica_achtman_2	-	aroC(-)	dnaN(-)	hemD(3)	hisD(-)	purE(-)	sucA(-)	thrA(-)
ARS13_assembly.fasta	senterica_achtman_2	10	aroC(5)	dnaN(2)	hemD(3)	hisD(6)	purE(5)	sucA(5)	thrA(10)
ARS14_assembly.fasta	senterica_achtman_2	10	aroC(5)	dnaN(2)	hemD(3)	hisD(6)	purE(5)	sucA(5)	thrA(10)
ARS15_assembly.fasta	senterica_achtman_2	10	aroC(5)	dnaN(2)	hemD(3)	hisD(6)	purE(5)	sucA(5)	thrA(10)
ARS16_assembly.fasta	senterica_achtman_2	73	aroC(5)	dnaN(2)	hemD(3)	hisD(38)	purE(5)	sucA(5)	thrA(10)
ARS17_assembly.fasta	senterica_achtman_2	10	aroC(5)	dnaN(2)	hemD(3)	hisD(6)	purE(5)	sucA(5)	thrA(10)
ARS18_assembly.fasta	senterica_achtman_2	10	aroC(5)	dnaN(2)	hemD(3)	hisD(6)	purE(5)	sucA(5)	thrA(10)
ARS1_assembly.fasta	senterica_achtman_2	10	aroC(5)	dnaN(2)	hemD(3)	hisD(6)	purE(5)	sucA(5)	thrA(10)
ARS2_assembly.fasta	senterica_achtman_2	10	aroC(5)	dnaN(2)	hemD(3)	hisD(6)	purE(5)	sucA(5)	thrA(10)
ARS3_assembly.fasta	senterica_achtman_2	-	aroC(5)	dnaN(2)	hemD(3)	hisD(-)	purE(5)	sucA(5)	thrA(10)
ARS4_assembly.fasta	senterica_achtman_2	10	aroC(5)	dnaN(2)	hemD(3)	hisD(6)	purE(5)	sucA(5)	thrA(10)
ARS5_assembly.fasta	senterica_achtman_2	10	aroC(5)	dnaN(2)	hemD(3)	hisD(6)	purE(5)	sucA(5)	thrA(10)
ARS6_assembly.fasta	senterica_achtman_2	10	aroC(5)	dnaN(2)	hemD(3)	hisD(6)	purE(5)	sucA(5)	thrA(10)
ARS7_assembly.fasta	senterica_achtman_2	10	aroC(5)	dnaN(2)	hemD(3)	hisD(6)	purE(5)	sucA(5)	thrA(10)
ARS8_assembly.fasta	senterica_achtman_2	10	aroC(5)	dnaN(2)	hemD(3)	hisD(6)	purE(5)	sucA(5)	thrA(10)
ARS9_assembly.fasta	senterica_achtman_2	10	aroC(5)	dnaN(2)	hemD(3)	hisD(6)	purE(5)	sucA(5)	thrA(10)
NDSU10_assembly.fasta	senterica_achtman_2	10	aroC(5)	dnaN(2)	hemD(3)	hisD(6)	purE(5)	sucA(5)	thrA(10)
NDSU12_assembly.fasta	senterica_achtman_2	10	aroC(5)	dnaN(2)	hemD(3)	hisD(6)	purE(5)	sucA(5)	thrA(10)
NDSU13_assembly.fasta	senterica_achtman_2	10	aroC(5)	dnaN(2)	hemD(3)	hisD(6)	purE(5)	sucA(5)	thrA(10)
NDSU15_assembly.fasta	senterica_achtman_2	10	aroC(5)	dnaN(2)	hemD(3)	hisD(6)	purE(5)	sucA(5)	thrA(10)
NDSU16_assembly.fasta	senterica_achtman_2	10	aroC(5)	dnaN(2)	hemD(3)	hisD(6)	purE(5)	sucA(5)	thrA(10)
NDSU17_assembly.fasta	senterica_achtman_2	10	aroC(5)	dnaN(2)	hemD(3)	hisD(6)	purE(5)	sucA(5)	thrA(10)
NDSU18_assembly.fasta	senterica_achtman_2	10	aroC(5)	dnaN(2)	hemD(3)	hisD(6)	purE(5)	sucA(5)	thrA(10)
NDSU19_assembly.fasta	senterica_achtman_2	10	aroC(5)	dnaN(2)	hemD(3)	hisD(6)	purE(5)	sucA(5)	thrA(10)
NDSU1_assembly.fasta	senterica_achtman_2	10	aroC(5)	dnaN(2)	hemD(3)	hisD(6)	purE(5)	sucA(5)	thrA(10)
NDSU20_assembly.fasta	senterica_achtman_2	10	aroC(5)	dnaN(2)	hemD(3)	hisD(6)	purE(5)	sucA(5)	thrA(10)
NDSU21_assembly.fasta	senterica_achtman_2	10	aroC(5)	dnaN(2)	hemD(3)	hisD(6)	purE(5)	sucA(5)	thrA(10)
NDSU22_assembly.fasta	senterica_achtman_2	10	aroC(5)	dnaN(2)	hemD(3)	hisD(6)	purE(5)	sucA(5)	thrA(10)
NDSU24_assembly.fasta	senterica_achtman_2	10	aroC(5)	dnaN(2)	hemD(3)	hisD(6)	purE(5)	sucA(5)	thrA(10)
NDSU25_assembly.fasta	senterica_achtman_2	10	aroC(5)	dnaN(2)	hemD(3)	hisD(6)	purE(5)	sucA(5)	thrA(10)
NDSU26_assembly.fasta	senterica_achtman_2	10	aroC(5)	dnaN(2)	hemD(3)	hisD(6)	purE(5)	sucA(5)	thrA(10)
NDSU28_assembly.fasta	senterica_achtman_2	10	aroC(5)	dnaN(2)	hemD(3)	hisD(6)	purE(5)	sucA(5)	thrA(10)
NDSU29_assembly.fasta	senterica_achtman_2	10	aroC(5)	dnaN(2)	hemD(3)	hisD(6)	purE(5)	sucA(5)	thrA(10)
NDSU2_assembly.fasta	senterica_achtman_2	10	aroC(5)	dnaN(2)	hemD(3)	hisD(6)	purE(5)	sucA(5)	thrA(10)
NDSU30_assembly.fasta	senterica_achtman_2	10	aroC(5)	dnaN(2)	hemD(3)	hisD(6)	purE(5)	sucA(5)	thrA(10)
NDSU3_assembly.fasta	senterica_achtman_2	10	aroC(5)	dnaN(2)	hemD(3)	hisD(6)	purE(5)	sucA(5)	thrA(10)
NDSU4_assembly.fasta	senterica_achtman_2	10	aroC(5)	dnaN(2)	hemD(3)	hisD(6)	purE(5)	sucA(5)	thrA(10)
NDSU5_assembly.fasta	senterica_achtman_2	10	aroC(5)	dnaN(2)	hemD(3)	hisD(6)	purE(5)	sucA(5)	thrA(10)
NDSU6_assembly.fasta	senterica_achtman_2	10	aroC(5)	dnaN(2)	hemD(3)	hisD(6)	purE(5)	sucA(5)	thrA(10)
NDSU7_assembly.fasta	senterica_achtman_2	10	aroC(5)	dnaN(2)	hemD(3)	hisD(6)	purE(5)	sucA(5)	thrA(10)
NDSU8_assembly.fasta	senterica_achtman_2	-	aroC(5)	dnaN(2)	hemD(-)	hisD(6)	purE(5)	sucA(5)	thrA(10)
NDSU9_assembly.fasta	senterica_achtman_2	10	aroC(5)	dnaN(2)	hemD(3)	hisD(6)	purE(5)	sucA(5)	thrA(10)
